[
  {
    "id": "a846ca7d-fcce-4185-bb78-ed664f793cc6",
    "data": [
      {
        "text": "load last happy build",
        "userDefined": false
      }
    ],
    "isTemplate": false,
    "count": 0
  },
  {
    "id": "2b3107c2-273c-474c-b880-a2bc002fa0eb",
    "data": [
      {
        "text": "download last successful build for ",
        "userDefined": false
      },
      {
        "text": "Demo",
        "alias": "job",
        "meta": "@job",
        "userDefined": false
      }
    ],
    "isTemplate": false,
    "count": 0,
    "updated": 1514381668
  },
  {
    "id": "ec64c7b2-48ae-4033-a567-791385ce84b8",
    "data": [
      {
        "text": "download last successful build",
        "userDefined": false
      }
    ],
    "isTemplate": false,
    "count": 0,
    "updated": 1514381668
  }
]