[
  {
    "id": "09b7554e-f3f0-4bd2-94a6-a9c962516506",
    "data": [
      {
        "text": "bye",
        "userDefined": false
      }
    ],
    "isTemplate": false,
    "count": 0,
    "updated": 1511530822
  },
  {
    "id": "fc757161-617c-4aad-9037-0257c6ccbda3",
    "data": [
      {
        "text": "bye Jenkins",
        "userDefined": false
      }
    ],
    "isTemplate": false,
    "count": 0,
    "updated": 1511530822
  },
  {
    "id": "a09f4851-bffb-4410-aa23-378ab81a6cba",
    "data": [
      {
        "text": "good bye",
        "userDefined": false
      }
    ],
    "isTemplate": false,
    "count": 0,
    "updated": 1511530822
  },
  {
    "id": "711a7dcf-e427-4f68-b8fc-8331ca1587b4",
    "data": [
      {
        "text": "quit",
        "userDefined": false
      }
    ],
    "isTemplate": false,
    "count": 0,
    "updated": 1511530822
  },
  {
    "id": "0c58aa0f-e4dd-4cd3-8919-69d8cf97a746",
    "data": [
      {
        "text": "see you",
        "userDefined": false
      }
    ],
    "isTemplate": false,
    "count": 0,
    "updated": 1511530822
  }
]