[
  {
    "id": "485c9178-1e0d-48b2-8ba5-fe6b3c89ebfb",
    "data": [
      {
        "text": "show information about last build",
        "userDefined": false
      }
    ],
    "isTemplate": false,
    "count": 0
  },
  {
    "id": "256b0e62-2cd5-47b9-b4eb-7a90b4a7e046",
    "data": [
      {
        "text": "show build status",
        "userDefined": false
      }
    ],
    "isTemplate": false,
    "count": 0
  },
  {
    "id": "cfbe4b95-67e1-4b8d-8c0e-67ddd3cbe197",
    "data": [
      {
        "text": "show status for last ",
        "userDefined": false
      },
      {
        "text": "Demo",
        "alias": "job",
        "meta": "@job",
        "userDefined": true
      },
      {
        "text": " build",
        "userDefined": false
      }
    ],
    "isTemplate": false,
    "count": 0
  },
  {
    "id": "f4e6f20b-3d25-43e7-b8fb-2e19439fc88e",
    "data": [
      {
        "text": "show last build for ",
        "userDefined": false
      },
      {
        "text": "Demo",
        "alias": "job",
        "meta": "@job",
        "userDefined": true
      }
    ],
    "isTemplate": false,
    "count": 0
  }
]