[
  {
    "id": "e9fc3160-80ed-4ce9-89b3-df4f89ba4f38",
    "data": [
      {
        "text": "show me projects",
        "userDefined": false
      }
    ],
    "isTemplate": false,
    "count": 0,
    "updated": 1513783966
  },
  {
    "id": "b46c2f44-ae1e-4e24-b62a-5844c7ff917c",
    "data": [
      {
        "text": "show projects",
        "userDefined": false
      }
    ],
    "isTemplate": false,
    "count": 0,
    "updated": 1513783966
  },
  {
    "id": "7c725c37-9171-4dba-8d73-bffdc2c084a8",
    "data": [
      {
        "text": "show jenkins projects",
        "userDefined": false
      }
    ],
    "isTemplate": false,
    "count": 0,
    "updated": 1513783966
  },
  {
    "id": "7bf4cb77-c476-4954-9ee5-7dff0903e3b2",
    "data": [
      {
        "text": "show",
        "meta": "@sys.ignore",
        "userDefined": false
      },
      {
        "text": " available projects",
        "userDefined": false
      }
    ],
    "isTemplate": false,
    "count": 0,
    "updated": 1513783966
  },
  {
    "id": "cd48a55c-8a40-4605-a05f-05f1bbc877f4",
    "data": [
      {
        "text": "what jobs do we have?",
        "userDefined": false
      }
    ],
    "isTemplate": false,
    "count": 0,
    "updated": 1513783966
  },
  {
    "id": "8e5de377-36d9-405f-ad65-c631e19ab1cf",
    "data": [
      {
        "text": "show me builds",
        "userDefined": false
      }
    ],
    "isTemplate": false,
    "count": 0,
    "updated": 1513783966
  },
  {
    "id": "892156f6-3f09-48ee-9818-dce75acfc8db",
    "data": [
      {
        "text": "show available jobs",
        "userDefined": false
      }
    ],
    "isTemplate": false,
    "count": 0,
    "updated": 1513783966
  },
  {
    "id": "4fe9f7b6-d1e8-4891-906a-2735b77a33c3",
    "data": [
      {
        "text": "show jobs",
        "userDefined": false
      }
    ],
    "isTemplate": false,
    "count": 0,
    "updated": 1513783966
  }
]