[
  {
    "id": "be06591c-7095-4bf0-86bb-854f4746295e",
    "data": [
      {
        "text": "start ",
        "userDefined": false
      },
      {
        "text": "Demo",
        "alias": "job",
        "meta": "@job",
        "userDefined": false
      }
    ],
    "isTemplate": false,
    "count": 1
  },
  {
    "id": "b4dbbbee-7441-49f9-a3b0-6139288e4abc",
    "data": [
      {
        "text": "make ",
        "userDefined": false
      },
      {
        "text": "Demo",
        "alias": "job",
        "meta": "@job",
        "userDefined": true
      }
    ],
    "isTemplate": false,
    "count": 1
  },
  {
    "id": "17dbfdb3-50ff-4289-a6df-d5deefee7a7a",
    "data": [
      {
        "text": "build ",
        "userDefined": false
      },
      {
        "text": "Demo",
        "alias": "job",
        "meta": "@job",
        "userDefined": true
      }
    ],
    "isTemplate": false,
    "count": 0
  },
  {
    "id": "887899e5-ce00-4428-9445-1b1b3f18a210",
    "data": [
      {
        "text": "please make ",
        "userDefined": false
      },
      {
        "text": "project",
        "meta": "@sys.ignore",
        "userDefined": true
      },
      {
        "text": " ",
        "userDefined": false
      },
      {
        "text": "Demo",
        "alias": "job",
        "meta": "@job",
        "userDefined": true
      }
    ],
    "isTemplate": false,
    "count": 0
  },
  {
    "id": "9432ffa7-52ab-403b-8bf9-365e6ff589bd",
    "data": [
      {
        "text": "start building project ",
        "userDefined": false
      },
      {
        "text": "Demo",
        "alias": "job",
        "meta": "@job",
        "userDefined": true
      }
    ],
    "isTemplate": false,
    "count": 0
  }
]